"Date","Description","Amount","Currency","Type","Category","cuenta_en_totales"
"2025-01-03","Spotify P3d110f721","4.99","USD","debit","Entretenimiento","1"
"2025-01-05","GIMNASIO SPORT CLUB","1200.00","UYU","debit","Personal","1"
"2025-01-08","NETFLIX.COM 7890TT12","12.99","USD","debit","Entretenimiento","1"
"2025-01-12","LA PASIVA","800.00","UYU","debit","Restaurantes","1"
"2025-01-18","UTE 100001","3200.00","UYU","debit","Servicios","1"
"2025-01-20","TRANSFERENCIA ENVIADA AHORRO","500.00","USD","debit","Transferencias","0"
"2025-01-22","ANTEL MOVIL","1190.00","UYU","debit","Servicios","1"
"2025-02-03","Spotify P3d110f721","4.99","USD","debit","Entretenimiento","1"
"2025-02-04","CAFE ESTRELLA","180.00","UYU","debit","Restaurantes","1"
"2025-02-05","GIMNASIO SPORT CLUB","1200.00","UYU","debit","Personal","1"
"2025-02-08","NETFLIX.COM, MONTEVIDEO","12.99","USD","debit","Entretenimiento","1"
"2025-02-11","CAFE ESTRELLA","180.00","UYU","debit","Restaurantes","1"
"2025-02-12","LA PASIVA","1500.00","UYU","debit","Restaurantes","1"
"2025-02-18","CAFE ESTRELLA","180.00","UYU","debit","Restaurantes","1"
"2025-02-18","UTE 100002","3400.00","UYU","debit","Servicios","1"
"2025-02-20","TRANSFERENCIA ENVIADA AHORRO","500.00","USD","debit","Transferencias","0"
"2025-02-22","ANTEL MOVIL","1190.00","UYU","debit","Servicios","1"
"2025-02-25","CAFE ESTRELLA","180.00","UYU","debit","Restaurantes","1"
"2025-03-03","Spotify P3d110f721","4.99","USD","debit","Entretenimiento","1"
"2025-03-04","CAFE ESTRELLA","180.00","UYU","debit","Restaurantes","1"
"2025-03-05","GIMNASIO SPORT CLUB","1200.00","UYU","debit","Personal","1"
"2025-03-08","NETFLIX.COM 1234TT56","12.99","USD","debit","Entretenimiento","1"
"2025-03-11","CAFE ESTRELLA","180.00","UYU","debit","Restaurantes","1"
"2025-03-12","LA PASIVA","2300.00","UYU","debit","Restaurantes","1"
"2025-03-15","Merpago Seguros Cuota 01 06","2510.56","UYU","debit","Seguros","1"
"2025-03-18","CAFE ESTRELLA","180.00","UYU","debit","Restaurantes","1"
"2025-03-18","UTE 100003","3100.00","UYU","debit","Servicios","1"
"2025-03-20","GIMNASIO SPORT CLUB","1600.00","UYU","debit","Personal","1"
"2025-03-20","TRANSFERENCIA ENVIADA AHORRO","500.00","USD","debit","Transferencias","0"
"2025-03-22","ANTEL MOVIL","1190.00","UYU","debit","Servicios","1"
"2025-03-25","CAFE ESTRELLA","180.00","UYU","debit","Restaurantes","1"
"2025-04-03","Spotify P3d110f721","4.99","USD","debit","Entretenimiento","1"
"2025-04-05","GIMNASIO SPORT CLUB","1200.00","UYU","debit","Personal","1"
"2025-04-08","NETFLIX.COM 7890TT12","12.99","USD","debit","Entretenimiento","1"
"2025-04-12","LA PASIVA","1100.00","UYU","debit","Restaurantes","1"
"2025-04-15","Merpago Seguros Cuota 02 06","2510.56","UYU","debit","Seguros","1"
"2025-04-18","UTE 100004","3300.00","UYU","debit","Servicios","1"
"2025-04-20","TRANSFERENCIA ENVIADA AHORRO","500.00","USD","debit","Transferencias","0"
"2025-04-22","ANTEL MOVIL","1190.00","UYU","debit","Servicios","1"
"2025-05-03","Spotify P3d110f721","4.99","USD","debit","Entretenimiento","1"
"2025-05-05","GIMNASIO SPORT CLUB","1200.00","UYU","debit","Personal","1"
"2025-05-08","NETFLIX.COM, MONTEVIDEO","12.99","USD","debit","Entretenimiento","1"
"2025-05-12","LA PASIVA","3000.00","UYU","debit","Restaurantes","1"
"2025-05-15","Merpago Seguros Cuota 03 06","2510.56","UYU","debit","Seguros","1"
"2025-05-18","UTE 100005","3500.00","UYU","debit","Servicios","1"
"2025-05-20","TRANSFERENCIA ENVIADA AHORRO","500.00","USD","debit","Transferencias","0"
"2025-06-03","Spotify P3d110f721","4.99","USD","debit","Entretenimiento","1"
"2025-06-05","GIMNASIO SPORT CLUB","1200.00","UYU","debit","Personal","1"
"2025-06-08","NETFLIX.COM 1234TT56","12.99","USD","debit","Entretenimiento","1"
"2025-06-12","LA PASIVA","650.00","UYU","debit","Restaurantes","1"
"2025-06-15","Merpago Seguros Cuota 04 06","2510.56","UYU","debit","Seguros","1"
"2025-06-18","UTE 100006","4900.00","UYU","debit","Servicios","1"
"2025-06-20","TRANSFERENCIA ENVIADA AHORRO","500.00","USD","debit","Transferencias","0"
"2025-06-22","ANTEL MOVIL","1290.00","UYU","debit","Servicios","1"
"2025-07-03","Spotify P3d110f721","4.99","USD","debit","Entretenimiento","1"
"2025-07-05","GIMNASIO SPORT CLUB","1200.00","UYU","debit","Personal","1"
"2025-07-08","NETFLIX.COM 7890TT12","12.99","USD","debit","Entretenimiento","1"
"2025-07-12","LA PASIVA","1900.00","UYU","debit","Restaurantes","1"
"2025-07-15","Merpago Seguros Cuota 05 06","2510.56","UYU","debit","Seguros","1"
"2025-07-18","UTE 100007","5100.00","UYU","debit","Servicios","1"
"2025-07-20","TRANSFERENCIA ENVIADA AHORRO","500.00","USD","debit","Transferencias","0"
"2025-08-03","Spotify P3d110f721","4.99","USD","debit","Entretenimiento","1"
"2025-08-05","GIMNASIO SPORT CLUB","1200.00","UYU","debit","Personal","1"
"2025-08-08","NETFLIX.COM, MONTEVIDEO","12.99","USD","debit","Entretenimiento","1"
"2025-08-12","LA PASIVA","1200.00","UYU","debit","Restaurantes","1"
"2025-08-15","Merpago Seguros Cuota 06 06","2510.56","UYU","debit","Seguros","1"
"2025-08-18","UTE 100008","3600.00","UYU","debit","Servicios","1"
"2025-08-20","TRANSFERENCIA ENVIADA AHORRO","500.00","USD","debit","Transferencias","0"
"2025-09-03","Spotify P3d110f721","4.99","USD","debit","Entretenimiento","1"
"2025-09-05","GIMNASIO SPORT CLUB","1200.00","UYU","debit","Personal","1"
"2025-09-08","NETFLIX.COM 1234TT56","12.99","USD","debit","Entretenimiento","1"
"2025-09-12","LA PASIVA","2700.00","UYU","debit","Restaurantes","1"
"2025-09-18","UTE 100009","3300.00","UYU","debit","Servicios","1"
"2025-09-20","TRANSFERENCIA ENVIADA AHORRO","500.00","USD","debit","Transferencias","0"
"2025-10-03","Spotify P3d110f721","4.99","USD","debit","Entretenimiento","1"
"2025-10-05","GIMNASIO SPORT CLUB","1200.00","UYU","debit","Personal","1"
"2025-10-08","NETFLIX.COM 7890TT12","15.99","USD","debit","Entretenimiento","1"
"2025-10-12","LA PASIVA","950.00","UYU","debit","Restaurantes","1"
"2025-10-18","UTE 100010","3200.00","UYU","debit","Servicios","1"
"2025-10-20","TRANSFERENCIA ENVIADA AHORRO","500.00","USD","debit","Transferencias","0"
"2025-11-03","Spotify P3d110f721","4.99","USD","debit","Entretenimiento","1"
"2025-11-05","GIMNASIO SPORT CLUB","1200.00","UYU","debit","Personal","1"
"2025-11-08","NETFLIX.COM, MONTEVIDEO","15.99","USD","debit","Entretenimiento","1"
"2025-11-12","LA PASIVA","1600.00","UYU","debit","Restaurantes","1"
"2025-11-18","UTE 100011","3100.00","UYU","debit","Servicios","1"
"2025-11-20","TRANSFERENCIA ENVIADA AHORRO","500.00","USD","debit","Transferencias","0"
"2025-12-03","Spotify P3d110f721","4.99","USD","debit","Entretenimiento","1"
"2025-12-05","GIMNASIO SPORT CLUB","1200.00","UYU","debit","Personal","1"
"2025-12-08","NETFLIX.COM 1234TT56","15.99","USD","debit","Entretenimiento","1"
"2025-12-12","LA PASIVA","2100.00","UYU","debit","Restaurantes","1"
"2025-12-18","UTE 100012","3000.00","UYU","debit","Servicios","1"
"2025-12-20","TRANSFERENCIA ENVIADA AHORRO","500.00","USD","debit","Transferencias","0"
